sirka,delka,nadmorska_vyska,max_teplota,extremni_srazky
48.6,12.1,477.0,1.5,0
48.6,12.1,477.0,4.8,1
48.6,12.1,477.0,12.8,0
48.6,12.1,477.0,15.4,0
48.6,12.1,477.0,11.6,0
48.6,12.1,477.0,18.5,0
48.6,12.1,477.0,11.6,1
48.6,12.1,477.0,24.4,0
48.6,12.1,477.0,29.9,0
48.6,12.1,477.0,24.5,0
48.6,12.1,477.0,30.2,0
48.6,12.1,477.0,25.5,1
48.6,12.1,477.0,19.0,1
48.6,12.1,477.0,16.5,1
48.6,12.1,477.0,28.0,0
48.6,12.1,477.0,18.9,0
48.6,12.1,477.0,15.4,0
48.6,12.1,477.0,13.1,1
48.6,12.1,477.0,4.4,0
48.6,12.1,477.0,5.9,1
48.6,12.1,477.0,6.3,0
48.6,12.1,477.0,5.1,0
48.6,12.1,477.0,7.3,0
48.6,12.1,477.0,7.0,0
48.6,12.1,477.0,15.0,0
48.6,12.1,477.0,15.4,0
48.6,12.1,477.0,19.6,0
48.6,12.1,477.0,14.5,1
48.6,12.1,477.0,13.8,1
48.6,12.1,477.0,18.3,1
48.6,12.1,477.0,28.9,0
48.6,12.1,477.0,22.2,0
48.6,12.1,477.0,28.1,0
48.6,12.1,477.0,28.5,0
48.6,12.1,477.0,10.2,1
48.6,12.1,477.0,18.8,0
48.6,12.1,477.0,17.0,0
48.6,12.1,477.0,4.8,0
48.6,12.1,477.0,1.8,0
48.6,12.6,481.0,1.7,0
48.6,12.6,481.0,3.6,1
48.6,12.6,481.0,12.4,0
48.6,12.6,481.0,14.9,0
48.6,12.6,481.0,11.6,0
48.6,12.6,481.0,18.5,0
48.6,12.6,481.0,23.2,0
48.6,12.6,481.0,26.6,0
48.6,12.6,481.0,24.5,0
48.6,12.6,481.0,30.5,0
48.6,12.6,481.0,26.1,1
48.6,12.6,481.0,16.0,1
48.6,12.6,481.0,27.1,0
48.6,12.6,481.0,17.2,0
48.6,12.6,481.0,17.5,0
48.6,12.6,481.0,13.0,1
48.6,12.6,481.0,13.1,1
48.6,12.6,481.0,2.5,0
48.6,12.6,481.0,7.2,0
48.6,12.6,481.0,6.2,1
48.6,12.6,481.0,-0.1,0
48.6,12.6,481.0,13.1,0
48.6,12.6,481.0,10.7,0
48.6,12.6,481.0,19.1,0
48.6,12.6,481.0,8.6,0
48.6,12.6,481.0,22.8,0
48.6,12.6,481.0,15.6,1
48.6,12.6,481.0,14.3,1
48.6,12.6,481.0,21.1,0
48.6,12.6,481.0,26.0,0
48.6,12.6,481.0,22.5,1
48.6,12.6,481.0,26.1,0
48.6,12.6,481.0,20.1,1
48.6,12.6,481.0,28.7,0
48.6,12.6,481.0,10.8,1
48.6,12.6,481.0,18.7,0
48.6,12.6,481.0,17.3,0
48.6,12.6,481.0,4.4,0
48.6,12.6,481.0,2.0,0
48.6,13.1,316.0,2.5,0
48.6,13.1,316.0,3.4,1
48.6,13.1,316.0,12.9,0
48.6,13.1,316.0,14.9,0
48.6,13.1,316.0,12.1,0
48.6,13.1,316.0,18.9,0
48.6,13.1,316.0,23.5,0
48.6,13.1,316.0,26.7,0
48.6,13.1,316.0,24.5,0
48.6,13.1,316.0,17.8,1
48.6,13.1,316.0,30.5,0
48.6,13.1,316.0,26.0,1
48.6,13.1,316.0,17.2,1
48.6,13.1,316.0,28.0,0
48.6,13.1,316.0,17.2,0
48.6,13.1,316.0,14.7,0
48.6,13.1,316.0,13.2,1
48.6,13.1,316.0,12.8,1
48.6,13.1,316.0,5.2,0
48.6,13.1,316.0,0.3,1
48.6,13.1,316.0,6.8,0
48.6,13.1,316.0,0.3,0
48.6,13.1,316.0,8.1,0
48.6,13.1,316.0,7.4,0
48.6,13.1,316.0,18.6,0
48.6,13.1,316.0,15.3,0
48.6,13.1,316.0,23.5,1
48.6,13.1,316.0,19.2,0
48.6,13.1,316.0,16.5,1
48.6,13.1,316.0,17.0,1
48.6,13.1,316.0,18.9,1
48.6,13.1,316.0,29.1,0
48.6,13.1,316.0,25.5,0
48.6,13.1,316.0,24.0,0
48.6,13.1,316.0,21.6,1
48.6,13.1,316.0,29.0,0
48.6,13.1,316.0,10.9,1
48.6,13.1,316.0,13.1,0
48.6,13.1,316.0,17.6,0
48.6,13.1,316.0,7.8,0
48.6,13.1,316.0,3.2,0
48.6,13.6,382.0,3.1,0
48.6,13.6,382.0,2.6,1
48.6,13.6,382.0,5.4,1
48.6,13.6,382.0,10.8,0
48.6,13.6,382.0,16.1,0
48.6,13.6,382.0,11.1,0
48.6,13.6,382.0,20.7,0
48.6,13.6,382.0,25.3,0
48.6,13.6,382.0,20.2,1
48.6,13.6,382.0,22.2,0
48.6,13.6,382.0,23.9,0
48.6,13.6,382.0,17.4,1
48.6,13.6,382.0,28.2,0
48.6,13.6,382.0,26.5,1
48.6,13.6,382.0,19.9,1
48.6,13.6,382.0,16.4,1
48.6,13.6,382.0,22.7,0
48.6,13.6,382.0,18.2,0
48.6,13.6,382.0,7.6,0
48.6,13.6,382.0,12.1,1
48.6,13.6,382.0,1.1,0
48.6,13.6,382.0,6.4,1
48.6,13.6,382.0,10.2,0
48.6,13.6,382.0,5.1,1
48.6,13.6,382.0,0.6,0
48.6,13.6,382.0,8.1,0
48.6,13.6,382.0,16.4,0
48.6,13.6,382.0,17.3,0
48.6,13.6,382.0,23.1,0
48.6,13.6,382.0,23.5,1
48.6,13.6,382.0,19.4,0
48.6,13.6,382.0,16.6,1
48.6,13.6,382.0,16.2,1
48.6,13.6,382.0,20.7,1
48.6,13.6,382.0,22.0,0
48.6,13.6,382.0,23.5,0
48.6,13.6,382.0,30.3,0
48.6,13.6,382.0,29.8,0
48.6,13.6,382.0,19.5,1
48.6,13.6,382.0,9.3,1
48.6,13.6,382.0,9.6,1
48.6,13.6,382.0,14.3,1
48.6,13.6,382.0,11.3,0
48.6,13.6,382.0,15.1,0
48.6,13.6,382.0,4.6,0
48.6,13.6,382.0,5.6,1
48.6,13.6,382.0,9.0,0
48.6,13.6,382.0,5.4,1
48.6,14.1,862.0,-1.0,0
48.6,14.1,862.0,1.4,1
48.6,14.1,862.0,7.8,0
48.6,14.1,862.0,12.5,0
48.6,14.1,862.0,7.1,0
48.6,14.1,862.0,15.4,0
48.6,14.1,862.0,19.6,0
48.6,14.1,862.0,20.9,0
48.6,14.1,862.0,21.4,0
48.6,14.1,862.0,27.1,0
48.6,14.1,862.0,24.0,1
48.6,14.1,862.0,13.7,1
48.6,14.1,862.0,25.0,0
48.6,14.1,862.0,14.1,0
48.6,14.1,862.0,16.7,0
48.6,14.1,862.0,6.0,1
48.6,14.1,862.0,8.2,1
48.6,14.1,862.0,-2.3,0
48.6,14.1,862.0,-2.9,1
48.6,14.1,862.0,3.3,1
48.6,14.1,862.0,2.9,1
48.6,14.1,862.0,5.5,0
48.6,14.1,862.0,3.3,0
48.6,14.1,862.0,4.8,0
48.6,14.1,862.0,6.0,0
48.6,14.1,862.0,7.9,0
48.6,14.1,862.0,16.0,0
48.6,14.1,862.0,15.0,0
48.6,14.1,862.0,17.8,0
48.6,14.1,862.0,24.5,0
48.6,14.1,862.0,17.9,0
48.6,14.1,862.0,26.7,0
48.6,14.1,862.0,18.4,1
48.6,14.1,862.0,11.1,1
48.6,14.1,862.0,5.1,1
48.6,14.1,862.0,7.0,1
48.6,14.1,862.0,11.1,1
48.6,14.1,862.0,9.5,0
48.6,14.1,862.0,14.7,0
48.6,14.1,862.0,2.5,0
48.6,14.1,862.0,1.5,1
48.6,14.1,862.0,-1.1,0
48.6,14.1,862.0,1.1,1
48.6,14.6,930.0,-0.8,0
48.6,14.6,930.0,5.6,0
48.6,14.6,930.0,4.3,0
48.6,14.6,930.0,8.8,0
48.6,14.6,930.0,1.6,1
48.6,14.6,930.0,15.0,0
48.6,14.6,930.0,19.0,0
48.6,14.6,930.0,20.0,0
48.6,14.6,930.0,21.0,0
48.6,14.6,930.0,13.2,1
48.6,14.6,930.0,27.6,0
48.6,14.6,930.0,24.7,1
48.6,14.6,930.0,14.4,1
48.6,14.6,930.0,24.7,0
48.6,14.6,930.0,15.3,0
48.6,14.6,930.0,13.7,0
48.6,14.6,930.0,6.8,1
48.6,14.6,930.0,-2.3,0
48.6,14.6,930.0,-3.7,1
48.6,14.6,930.0,1.5,0
48.6,14.6,930.0,2.3,1
48.6,14.6,930.0,1.8,0
48.6,14.6,930.0,7.3,0
48.6,14.6,930.0,3.3,0
48.6,14.6,930.0,17.9,0
48.6,14.6,930.0,11.3,0
48.6,14.6,930.0,18.7,0
48.6,14.6,930.0,19.9,0
48.6,14.6,930.0,26.6,0
48.6,14.6,930.0,20.5,0
48.6,14.6,930.0,26.7,0
48.6,14.6,930.0,10.6,1
48.6,14.6,930.0,4.4,1
48.6,14.6,930.0,6.1,1
48.6,14.6,930.0,6.0,1
48.6,14.6,930.0,10.9,1
48.6,14.6,930.0,10.7,0
48.6,14.6,930.0,10.6,0
48.6,14.6,930.0,1.1,0
48.6,14.6,930.0,1.0,0
48.6,15.1,580.0,0.0,0
48.6,15.1,580.0,8.5,0
48.6,15.1,580.0,5.4,0
48.6,15.1,580.0,10.1,0
48.6,15.1,580.0,3.0,1
48.6,15.1,580.0,17.6,0
48.6,15.1,580.0,21.0,0
48.6,15.1,580.0,21.6,0
48.6,15.1,580.0,23.5,0
48.6,15.1,580.0,15.1,1
48.6,15.1,580.0,28.8,0
48.6,15.1,580.0,16.6,1
48.6,15.1,580.0,26.2,0
48.6,15.1,580.0,17.5,0
48.6,15.1,580.0,19.4,0
48.6,15.1,580.0,9.9,1
48.6,15.1,580.0,-0.3,0
48.6,15.1,580.0,6.0,0
48.6,15.1,580.0,4.7,1
48.6,15.1,580.0,-1.8,0
48.6,15.1,580.0,12.6,0
48.6,15.1,580.0,9.2,0
48.6,15.1,580.0,19.4,0
48.6,15.1,580.0,7.2,0
48.6,15.1,580.0,20.2,0
48.6,15.1,580.0,15.8,0
48.6,15.1,580.0,21.5,0
48.6,15.1,580.0,24.4,0
48.6,15.1,580.0,22.6,0
48.6,15.1,580.0,12.9,1
48.6,15.1,580.0,6.2,1
48.6,15.1,580.0,8.1,1
48.6,15.1,580.0,8.1,1
48.6,15.1,580.0,12.1,1
48.6,15.1,580.0,20.5,0
48.6,15.1,580.0,17.1,0
48.6,15.1,580.0,6.2,0
48.6,15.1,580.0,0.4,0
48.6,15.6,471.0,2.3,0
48.6,15.6,471.0,11.0,0
48.6,15.6,471.0,7.2,0
48.6,15.6,471.0,12.4,0
48.6,15.6,471.0,4.8,1
48.6,15.6,471.0,20.0,0
48.6,15.6,471.0,23.6,0
48.6,15.6,471.0,25.2,0
48.6,15.6,471.0,26.1,0
48.6,15.6,471.0,17.9,1
48.6,15.6,471.0,30.1,0
48.6,15.6,471.0,27.1,0
48.6,15.6,471.0,18.7,0
48.6,15.6,471.0,13.2,0
48.6,15.6,471.0,7.5,0
48.6,15.6,471.0,12.6,0
48.6,15.6,471.0,6.6,1
48.6,15.6,471.0,0.2,0
48.6,15.6,471.0,10.7,0
48.6,15.6,471.0,13.9,0
48.6,15.6,471.0,14.7,0
48.6,15.6,471.0,7.3,0
48.6,15.6,471.0,15.4,0
48.6,15.6,471.0,21.1,1
48.6,15.6,471.0,15.6,0
48.6,15.6,471.0,21.6,0
48.6,15.6,471.0,29.5,0
48.6,15.6,471.0,25.1,0
48.6,15.6,471.0,7.7,1
48.6,15.6,471.0,10.9,1
48.6,15.6,471.0,21.1,0
48.6,15.6,471.0,12.8,0
48.6,15.6,471.0,4.2,0
48.6,15.6,471.0,5.1,0
48.6,15.6,471.0,1.3,0
48.6,16.1,244.0,2.2,0
48.6,16.1,244.0,12.6,0
48.6,16.1,244.0,7.9,0
48.6,16.1,244.0,13.4,0
48.6,16.1,244.0,7.0,1
48.6,16.1,244.0,21.0,0
48.6,16.1,244.0,12.3,1
48.6,16.1,244.0,11.2,1
48.6,16.1,244.0,25.7,0
48.6,16.1,244.0,22.4,0
48.6,16.1,244.0,26.8,0
48.6,16.1,244.0,28.3,0
48.6,16.1,244.0,30.0,0
48.6,16.1,244.0,21.0,0
48.6,16.1,244.0,16.2,0
48.6,16.1,244.0,8.4,0
48.6,16.1,244.0,8.6,0
48.6,16.1,244.0,7.6,1
48.6,16.1,244.0,3.3,0
48.6,16.1,244.0,11.7,0
48.6,16.1,244.0,15.2,0
48.6,16.1,244.0,8.5,1
48.6,16.1,244.0,21.6,0
48.6,16.1,244.0,10.2,0
48.6,16.1,244.0,22.2,0
48.6,16.1,244.0,23.0,1
48.6,16.1,244.0,20.5,0
48.6,16.1,244.0,31.4,0
48.6,16.1,244.0,26.8,0
48.6,16.1,244.0,31.1,0
48.6,16.1,244.0,24.3,1
48.6,16.1,244.0,9.2,1
48.6,16.1,244.0,12.8,1
48.6,16.1,244.0,13.9,1
48.6,16.1,244.0,16.1,1
48.6,16.1,244.0,18.8,0
48.6,16.1,244.0,13.5,0
48.6,16.1,244.0,8.4,0
48.6,16.1,244.0,2.0,0
48.6,16.6,214.0,2.5,0
48.6,16.6,214.0,12.5,0
48.6,16.6,214.0,7.7,0
48.6,16.6,214.0,13.4,0
48.6,16.6,214.0,8.4,1
48.6,16.6,214.0,20.0,0
48.6,16.6,214.0,11.8,1
48.6,16.6,214.0,11.2,1
48.6,16.6,214.0,24.1,0
48.6,16.6,214.0,19.8,1
48.6,16.6,214.0,22.8,0
48.6,16.6,214.0,30.4,0
48.6,16.6,214.0,27.8,0
48.6,16.6,214.0,28.2,0
48.6,16.6,214.0,19.5,0
48.6,16.6,214.0,13.1,1
48.6,16.6,214.0,16.0,0
48.6,16.6,214.0,13.4,1
48.6,16.6,214.0,5.1,0
48.6,16.6,214.0,6.8,0
48.6,16.6,214.0,5.3,1
48.6,16.6,214.0,1.8,0
48.6,16.6,214.0,10.4,0
48.6,16.6,214.0,5.4,0
48.6,16.6,214.0,8.8,1
48.6,16.6,214.0,14.8,0
48.6,16.6,214.0,20.5,1
48.6,16.6,214.0,21.4,0
48.6,16.6,214.0,21.6,0
48.6,16.6,214.0,26.1,0
48.6,16.6,214.0,31.8,0
48.6,16.6,214.0,24.2,0
48.6,16.6,214.0,31.4,0
48.6,16.6,214.0,24.4,1
48.6,16.6,214.0,9.7,1
48.6,16.6,214.0,13.1,1
48.6,16.6,214.0,14.6,1
48.6,16.6,214.0,13.1,0
48.6,16.6,214.0,15.4,0
48.6,16.6,214.0,9.4,0
48.6,16.6,214.0,2.0,0
48.6,17.1,206.0,3.0,0
48.6,17.1,206.0,12.2,0
48.6,17.1,206.0,8.2,0
48.6,17.1,206.0,14.1,0
48.6,17.1,206.0,11.0,1
48.6,17.1,206.0,20.3,0
48.6,17.1,206.0,12.8,1
48.6,17.1,206.0,25.9,0
48.6,17.1,206.0,21.6,1
48.6,17.1,206.0,22.1,0
48.6,17.1,206.0,25.9,0
48.6,17.1,206.0,21.8,1
48.6,17.1,206.0,18.0,1
48.6,17.1,206.0,28.6,0
48.6,17.1,206.0,29.5,0
48.6,17.1,206.0,24.1,0
48.6,17.1,206.0,13.7,1
48.6,17.1,206.0,17.2,0
48.6,17.1,206.0,13.7,1
48.6,17.1,206.0,3.9,0
48.6,17.1,206.0,3.1,1
48.6,17.1,206.0,9.1,0
48.6,17.1,206.0,6.8,0
48.6,17.1,206.0,11.6,0
48.6,17.1,206.0,7.7,0
48.6,17.1,206.0,15.3,0
48.6,17.1,206.0,18.8,0
48.6,17.1,206.0,21.3,0
48.6,17.1,206.0,23.8,1
48.6,17.1,206.0,27.0,0
48.6,17.1,206.0,34.2,0
48.6,17.1,206.0,25.4,0
48.6,17.1,206.0,32.8,0
48.6,17.1,206.0,10.8,1
48.6,17.1,206.0,14.2,1
48.6,17.1,206.0,16.5,1
48.6,17.1,206.0,18.5,0
48.6,17.1,206.0,17.0,0
48.6,17.1,206.0,8.5,0
48.6,17.1,206.0,3.2,0
48.6,17.6,287.0,3.5,0
48.6,17.6,287.0,10.8,0
48.6,17.6,287.0,7.4,0
48.6,17.6,287.0,14.2,0
48.6,17.6,287.0,11.8,1
48.6,17.6,287.0,19.4,0
48.6,17.6,287.0,24.0,0
48.6,17.6,287.0,25.8,0
48.6,17.6,287.0,26.2,0
48.6,17.6,287.0,28.5,0
48.6,17.6,287.0,26.0,0
48.6,17.6,287.0,23.2,0
48.6,17.6,287.0,13.1,1
48.6,17.6,287.0,16.4,0
48.6,17.6,287.0,12.2,1
48.6,17.6,287.0,7.2,0
48.6,17.6,287.0,4.1,0
48.6,17.6,287.0,2.0,1
48.6,17.6,287.0,2.0,0
48.6,17.6,287.0,10.9,0
48.6,17.6,287.0,15.1,0
48.6,17.6,287.0,16.4,0
48.6,17.6,287.0,12.2,0
48.6,17.6,287.0,20.9,0
48.6,17.6,287.0,17.0,0
48.6,17.6,287.0,27.6,0
48.6,17.6,287.0,26.9,0
48.6,17.6,287.0,28.6,0
48.6,17.6,287.0,24.4,1
48.6,17.6,287.0,11.4,1
48.6,17.6,287.0,15.6,1
48.6,17.6,287.0,22.2,0
48.6,17.6,287.0,14.4,0
48.6,17.6,287.0,4.7,0
48.6,17.6,287.0,1.9,0
48.6,18.1,233.0,3.3,0
48.6,18.1,233.0,10.3,0
48.6,18.1,233.0,7.6,0
48.6,18.1,233.0,14.2,0
48.6,18.1,233.0,13.7,1
48.6,18.1,233.0,18.4,0
48.6,18.1,233.0,23.8,0
48.6,18.1,233.0,26.6,1
48.6,18.1,233.0,26.8,0
48.6,18.1,233.0,23.1,0
48.6,18.1,233.0,23.7,1
48.6,18.1,233.0,27.8,0
48.6,18.1,233.0,22.9,1
48.6,18.1,233.0,26.9,0
48.6,18.1,233.0,18.6,0
48.6,18.1,233.0,12.5,1
48.6,18.1,233.0,13.7,0
48.6,18.1,233.0,11.5,1
48.6,18.1,233.0,1.0,0
48.6,18.1,233.0,5.4,0
48.6,18.1,233.0,1.3,1
48.6,18.1,233.0,1.6,0
48.6,18.1,233.0,9.0,0
48.6,18.1,233.0,7.2,0
48.6,18.1,233.0,22.2,0
48.6,18.1,233.0,12.8,0
48.6,18.1,233.0,23.1,0
48.6,18.1,233.0,23.0,0
48.6,18.1,233.0,28.3,1
48.6,18.1,233.0,30.5,0
48.6,18.1,233.0,28.4,1
48.6,18.1,233.0,28.5,1
48.6,18.1,233.0,26.6,0
48.6,18.1,233.0,29.9,0
48.6,18.1,233.0,13.9,1
48.6,18.1,233.0,14.8,1
48.6,18.1,233.0,16.1,0
48.6,18.1,233.0,17.0,0
48.6,18.1,233.0,3.2,0
48.6,18.1,233.0,2.8,0
48.6,18.6,979.0,-0.2,1
48.6,18.6,979.0,-3.4,0
48.6,18.6,979.0,3.4,0
48.6,18.6,979.0,3.8,0
48.6,18.6,979.0,9.5,0
48.6,18.6,979.0,14.6,0
48.6,18.6,979.0,19.0,0
48.6,18.6,979.0,20.2,0
48.6,18.6,979.0,20.1,0
48.6,18.6,979.0,21.0,1
48.6,18.6,979.0,24.4,0
48.6,18.6,979.0,21.9,0
48.6,18.6,979.0,13.0,0
48.6,18.6,979.0,8.4,1
48.6,18.6,979.0,13.3,0
48.6,18.6,979.0,7.4,1
48.6,18.6,979.0,5.7,1
48.6,18.6,979.0,-3.7,0
48.6,18.6,979.0,-0.9,1
48.6,18.6,979.0,0.8,0
48.6,18.6,979.0,-3.4,1
48.6,18.6,979.0,-4.0,0
48.6,18.6,979.0,5.0,1
48.6,18.6,979.0,5.2,0
48.6,18.6,979.0,3.1,0
48.6,18.6,979.0,8.2,0
48.6,18.6,979.0,11.8,0
48.6,18.6,979.0,16.5,0
48.6,18.6,979.0,17.5,1
48.6,18.6,979.0,20.7,0
48.6,18.6,979.0,26.7,0
48.6,18.6,979.0,20.8,0
48.6,18.6,979.0,26.6,0
48.6,18.6,979.0,17.9,1
48.6,18.6,979.0,12.2,1
48.6,18.6,979.0,14.5,0
48.6,18.6,979.0,10.7,0
48.6,18.6,979.0,3.1,0
48.6,18.6,979.0,-2.7,0
49.1,12.1,368.0,1.4,0
49.1,12.1,368.0,3.5,1
49.1,12.1,368.0,12.1,0
49.1,12.1,368.0,13.4,0
49.1,12.1,368.0,11.7,0
49.1,12.1,368.0,18.9,0
49.1,12.1,368.0,12.4,1
49.1,12.1,368.0,24.4,0
49.1,12.1,368.0,30.0,0
49.1,12.1,368.0,25.4,0
49.1,12.1,368.0,29.7,0
49.1,12.1,368.0,26.5,0
49.1,12.1,368.0,17.5,0
49.1,12.1,368.0,16.1,0
49.1,12.1,368.0,5.8,0
49.1,12.1,368.0,3.7,0
49.1,12.1,368.0,7.9,1
49.1,12.1,368.0,-2.0,0
49.1,12.1,368.0,8.6,0
49.1,12.1,368.0,15.3,0
49.1,12.1,368.0,12.7,0
49.1,12.1,368.0,7.7,0
49.1,12.1,368.0,15.3,0
49.1,12.1,368.0,17.6,1
49.1,12.1,368.0,16.8,0
49.1,12.1,368.0,18.9,0
49.1,12.1,368.0,28.1,0
49.1,12.1,368.0,21.5,0
49.1,12.1,368.0,21.0,0
49.1,12.1,368.0,18.3,1
49.1,12.1,368.0,17.5,0
49.1,12.1,368.0,3.5,0
49.1,12.1,368.0,3.0,0
49.1,12.1,368.0,-0.5,0
49.1,12.6,571.0,0.3,0
49.1,12.6,571.0,2.2,1
49.1,12.6,571.0,10.8,0
49.1,12.6,571.0,14.6,0
49.1,12.6,571.0,10.9,0
49.1,12.6,571.0,18.2,0
49.1,12.6,571.0,22.1,0
49.1,12.6,571.0,25.1,0
49.1,12.6,571.0,25.4,1
49.1,12.6,571.0,23.5,0
49.1,12.6,571.0,29.0,0
49.1,12.6,571.0,15.2,1
49.1,12.6,571.0,27.1,0
49.1,12.6,571.0,15.9,0
49.1,12.6,571.0,17.8,0
49.1,12.6,571.0,6.3,0
49.1,12.6,571.0,3.7,0
49.1,12.6,571.0,5.4,1
49.1,12.6,571.0,6.8,1
49.1,12.6,571.0,-0.7,0
49.1,12.6,571.0,11.4,0
49.1,12.6,571.0,9.8,1
49.1,12.6,571.0,9.9,0
49.1,12.6,571.0,18.8,0
49.1,12.6,571.0,7.7,0
49.1,12.6,571.0,21.9,0
49.1,12.6,571.0,20.0,1
49.1,12.6,571.0,18.4,0
49.1,12.6,571.0,27.7,0
49.1,12.6,571.0,26.2,1
49.1,12.6,571.0,21.5,0
49.1,12.6,571.0,29.8,0
49.1,12.6,571.0,10.6,1
49.1,12.6,571.0,17.4,1
49.1,12.6,571.0,15.5,0
49.1,12.6,571.0,16.5,0
49.1,12.6,571.0,6.2,0
49.1,12.6,571.0,4.4,1
49.1,12.6,571.0,0.4,0
49.1,13.1,1093.0,-1.7,0
49.1,13.1,1093.0,-2.5,1
49.1,13.1,1093.0,0.1,1
49.1,13.1,1093.0,6.3,0
49.1,13.1,1093.0,5.0,1
49.1,13.1,1093.0,8.1,0
49.1,13.1,1093.0,5.1,0
49.1,13.1,1093.0,14.3,0
49.1,13.1,1093.0,18.4,0
49.1,13.1,1093.0,15.6,0
49.1,13.1,1093.0,17.3,0
49.1,13.1,1093.0,8.5,1
49.1,13.1,1093.0,23.3,0
49.1,13.1,1093.0,12.2,1
49.1,13.1,1093.0,23.2,0
49.1,13.1,1093.0,12.1,0
49.1,13.1,1093.0,9.8,0
49.1,13.1,1093.0,7.6,1
49.1,13.1,1093.0,-1.9,0
49.1,13.1,1093.0,2.0,1
49.1,13.1,1093.0,0.7,1
49.1,13.1,1093.0,1.3,1
49.1,13.1,1093.0,4.1,0
49.1,13.1,1093.0,2.8,1
49.1,13.1,1093.0,-3.2,0
49.1,13.1,1093.0,2.5,0
49.1,13.1,1093.0,12.4,0
49.1,13.1,1093.0,11.5,0
49.1,13.1,1093.0,18.2,0
49.1,13.1,1093.0,13.6,0
49.1,13.1,1093.0,23.6,0
49.1,13.1,1093.0,17.8,0
49.1,13.1,1093.0,22.8,0
49.1,13.1,1093.0,23.9,0
49.1,13.1,1093.0,15.0,1
49.1,13.1,1093.0,3.9,1
49.1,13.1,1093.0,5.8,1
49.1,13.1,1093.0,9.2,1
49.1,13.1,1093.0,7.9,0
49.1,13.1,1093.0,13.9,0
49.1,13.1,1093.0,4.7,0
49.1,13.1,1093.0,3.2,1
49.1,13.1,1093.0,-0.5,1
49.1,13.1,1093.0,2.0,0
49.1,13.1,1093.0,0.0,1
49.1,13.6,876.0,-0.7,0
49.1,13.6,876.0,6.0,0
49.1,13.6,876.0,4.5,0
49.1,13.6,876.0,10.4,0
49.1,13.6,876.0,2.5,1
49.1,13.6,876.0,15.9,0
49.1,13.6,876.0,17.9,0
49.1,13.6,876.0,13.9,1
49.1,13.6,876.0,25.0,0
49.1,13.6,876.0,22.0,0
49.1,13.6,876.0,26.5,0
49.1,13.6,876.0,23.8,1
49.1,13.6,876.0,13.6,1
49.1,13.6,876.0,25.6,0
49.1,13.6,876.0,16.1,0
49.1,13.6,876.0,13.9,0
49.1,13.6,876.0,-1.8,0
49.1,13.6,876.0,-4.4,1
49.1,13.6,876.0,3.8,1
49.1,13.6,876.0,2.4,0
49.1,13.6,876.0,3.1,1
49.1,13.6,876.0,4.1,1
49.1,13.6,876.0,5.6,0
49.1,13.6,876.0,4.9,0
49.1,13.6,876.0,4.8,0
49.1,13.6,876.0,7.3,0
49.1,13.6,876.0,15.7,0
49.1,13.6,876.0,15.5,0
49.1,13.6,876.0,15.4,1
49.1,13.6,876.0,14.9,1
49.1,13.6,876.0,25.8,0
49.1,13.6,876.0,28.5,1
49.1,13.6,876.0,22.6,0
49.1,13.6,876.0,21.0,0
49.1,13.6,876.0,26.0,1
49.1,13.6,876.0,22.4,1
49.1,13.6,876.0,26.5,0
49.1,13.6,876.0,5.8,1
49.1,13.6,876.0,7.0,1
49.1,13.6,876.0,6.9,1
49.1,13.6,876.0,10.9,1
49.1,13.6,876.0,7.8,0
49.1,13.6,876.0,16.7,0
49.1,13.6,876.0,4.4,1
49.1,13.6,876.0,0.6,0
49.1,13.6,876.0,2.5,1
49.1,13.6,876.0,10.9,0
49.1,14.1,459.0,0.2,0
49.1,14.1,459.0,9.9,0
49.1,14.1,459.0,6.1,0
49.1,14.1,459.0,11.8,0
49.1,14.1,459.0,5.2,1
49.1,14.1,459.0,19.2,0
49.1,14.1,459.0,20.6,1
49.1,14.1,459.0,23.1,0
49.1,14.1,459.0,28.2,0
49.1,14.1,459.0,24.0,0
49.1,14.1,459.0,16.5,1
49.1,14.1,459.0,27.1,0
49.1,14.1,459.0,26.2,1
49.1,14.1,459.0,20.0,1
49.1,14.1,459.0,15.9,1
49.1,14.1,459.0,24.6,0
49.1,14.1,459.0,18.0,0
49.1,14.1,459.0,14.1,0
49.1,14.1,459.0,3.8,0
49.1,14.1,459.0,-2.0,1
49.1,14.1,459.0,6.2,0
49.1,14.1,459.0,6.5,0
49.1,14.1,459.0,9.6,0
49.1,14.1,459.0,5.2,0
49.1,14.1,459.0,21.5,0
49.1,14.1,459.0,14.1,0
49.1,14.1,459.0,21.2,0
49.1,14.1,459.0,22.8,0
49.1,14.1,459.0,28.6,0
49.1,14.1,459.0,23.4,0
49.1,14.1,459.0,30.2,0
49.1,14.1,459.0,8.4,1
49.1,14.1,459.0,9.6,1
49.1,14.1,459.0,9.3,1
49.1,14.1,459.0,13.6,1
49.1,14.1,459.0,18.0,0
49.1,14.1,459.0,17.4,0
49.1,14.1,459.0,5.8,0
49.1,14.1,459.0,7.0,1
49.1,14.1,459.0,1.8,0
49.1,14.6,466.0,1.5,0
49.1,14.6,466.0,8.8,0
49.1,14.6,466.0,6.2,0
49.1,14.6,466.0,11.3,0
49.1,14.6,466.0,4.3,1
49.1,14.6,466.0,18.8,0
49.1,14.6,466.0,21.9,0
49.1,14.6,466.0,24.1,0
49.1,14.6,466.0,24.2,0
49.1,14.6,466.0,16.4,1
49.1,14.6,466.0,17.5,1
49.1,14.6,466.0,27.0,0
49.1,14.6,466.0,26.2,1
49.1,14.6,466.0,16.5,1
49.1,14.6,466.0,27.6,0
49.1,14.6,466.0,20.4,0
49.1,14.6,466.0,14.6,0
49.1,14.6,466.0,0.5,0
49.1,14.6,466.0,-1.2,1
49.1,14.6,466.0,4.6,0
49.1,14.6,466.0,-1.0,0
49.1,14.6,466.0,12.6,0
49.1,14.6,466.0,8.3,0
49.1,14.6,466.0,19.7,0
49.1,14.6,466.0,8.9,0
49.1,14.6,466.0,21.6,0
49.1,14.6,466.0,19.5,0
49.1,14.6,466.0,27.9,0
49.1,14.6,466.0,24.0,0
49.1,14.6,466.0,21.8,1
49.1,14.6,466.0,26.1,1
49.1,14.6,466.0,30.3,0
49.1,14.6,466.0,12.4,1
49.1,14.6,466.0,8.1,1
49.1,14.6,466.0,9.6,1
49.1,14.6,466.0,14.1,1
49.1,14.6,466.0,14.2,0
49.1,14.6,466.0,12.1,0
49.1,14.6,466.0,5.8,0
49.1,14.6,466.0,1.7,0
49.1,15.1,532.0,1.2,0
49.1,15.1,532.0,8.0,0
49.1,15.1,532.0,5.9,0
49.1,15.1,532.0,11.2,0
49.1,15.1,532.0,3.9,1
49.1,15.1,532.0,18.0,0
49.1,15.1,532.0,21.5,0
49.1,15.1,532.0,23.4,0
49.1,15.1,532.0,23.6,0
49.1,15.1,532.0,17.0,1
49.1,15.1,532.0,29.1,0
49.1,15.1,532.0,26.1,1
49.1,15.1,532.0,26.2,0
49.1,15.1,532.0,16.6,0
49.1,15.1,532.0,17.0,0
49.1,15.1,532.0,9.9,1
49.1,15.1,532.0,-0.1,0
49.1,15.1,532.0,5.1,0
49.1,15.1,532.0,5.4,1
49.1,15.1,532.0,-0.7,0
49.1,15.1,532.0,11.9,0
49.1,15.1,532.0,7.5,0
49.1,15.1,532.0,20.4,0
49.1,15.1,532.0,8.3,0
49.1,15.1,532.0,18.9,0
49.1,15.1,532.0,16.4,0
49.1,15.1,532.0,23.4,0
49.1,15.1,532.0,26.9,1
49.1,15.1,532.0,22.7,0
49.1,15.1,532.0,27.9,0
49.1,15.1,532.0,21.2,1
49.1,15.1,532.0,12.6,1
49.1,15.1,532.0,7.8,1
49.1,15.1,532.0,9.3,1
49.1,15.1,532.0,20.3,0
49.1,15.1,532.0,15.5,0
49.1,15.1,532.0,6.7,0
49.1,15.1,532.0,1.1,0
49.1,15.6,513.0,0.4,0
49.1,15.6,513.0,8.6,0
49.1,15.6,513.0,5.6,0
49.1,15.6,513.0,11.1,0
49.1,15.6,513.0,4.8,1
49.1,15.6,513.0,18.5,0
49.1,15.6,513.0,21.0,0
49.1,15.6,513.0,23.1,0
49.1,15.6,513.0,22.9,0
49.1,15.6,513.0,16.7,1
49.1,15.6,513.0,28.0,0
49.1,15.6,513.0,26.7,1
49.1,15.6,513.0,26.3,0
49.1,15.6,513.0,16.4,0
49.1,15.6,513.0,14.8,0
49.1,15.6,513.0,6.8,0
49.1,15.6,513.0,9.6,0
49.1,15.6,513.0,5.4,1
49.1,15.6,513.0,-0.5,0
49.1,15.6,513.0,10.0,0
49.1,15.6,513.0,13.9,0
49.1,15.6,513.0,14.6,0
49.1,15.6,513.0,5.7,0
49.1,15.6,513.0,17.6,0
49.1,15.6,513.0,14.9,0
49.1,15.6,513.0,19.8,0
49.1,15.6,513.0,26.7,1
49.1,15.6,513.0,23.5,0
49.1,15.6,513.0,24.7,0
49.1,15.6,513.0,13.7,1
49.1,15.6,513.0,8.3,1
49.1,15.6,513.0,10.4,1
49.1,15.6,513.0,14.4,1
49.1,15.6,513.0,19.2,0
49.1,15.6,513.0,12.2,0
49.1,15.6,513.0,4.3,0
49.1,15.6,513.0,1.0,0
49.1,16.1,379.0,2.2,0
49.1,16.1,379.0,10.5,0
49.1,16.1,379.0,6.5,0
49.1,16.1,379.0,12.6,0
49.1,16.1,379.0,7.2,1
49.1,16.1,379.0,18.9,0
49.1,16.1,379.0,10.4,1
49.1,16.1,379.0,24.1,0
49.1,16.1,379.0,17.3,1
49.1,16.1,379.0,20.4,0
49.1,16.1,379.0,24.5,0
49.1,16.1,379.0,28.5,0
49.1,16.1,379.0,26.8,0
49.1,16.1,379.0,18.5,0
49.1,16.1,379.0,14.8,0
49.1,16.1,379.0,12.1,1
49.1,16.1,379.0,1.6,0
49.1,16.1,379.0,6.2,0
49.1,16.1,379.0,3.3,1
49.1,16.1,379.0,1.4,0
49.1,16.1,379.0,9.3,0
49.1,16.1,379.0,8.2,0
49.1,16.1,379.0,7.8,1
49.1,16.1,379.0,20.6,0
49.1,16.1,379.0,10.4,0
49.1,16.1,379.0,21.6,0
49.1,16.1,379.0,19.2,0
49.1,16.1,379.0,28.6,0
49.1,16.1,379.0,23.5,0
49.1,16.1,379.0,28.5,0
49.1,16.1,379.0,23.5,1
49.1,16.1,379.0,9.8,1
49.1,16.1,379.0,11.9,1
49.1,16.1,379.0,20.0,0
49.1,16.1,379.0,13.4,0
49.1,16.1,379.0,6.0,0
49.1,16.1,379.0,2.5,0
49.1,16.6,221.0,3.7,0
49.1,16.6,221.0,12.1,0
49.1,16.6,221.0,7.8,0
49.1,16.6,221.0,14.4,0
49.1,16.6,221.0,9.6,1
49.1,16.6,221.0,20.0,0
49.1,16.6,221.0,11.1,1
49.1,16.6,221.0,25.6,0
49.1,16.6,221.0,28.0,0
49.1,16.6,221.0,25.2,0
49.1,16.6,221.0,16.9,1
49.1,16.6,221.0,28.8,0
49.1,16.6,221.0,27.6,0
49.1,16.6,221.0,19.9,0
49.1,16.6,221.0,17.2,0
49.1,16.6,221.0,13.5,1
49.1,16.6,221.0,3.2,0
49.1,16.6,221.0,5.8,0
49.1,16.6,221.0,2.8,1
49.1,16.6,221.0,3.2,0
49.1,16.6,221.0,11.1,0
49.1,16.6,221.0,10.1,0
49.1,16.6,221.0,9.3,1
49.1,16.6,221.0,21.1,0
49.1,16.6,221.0,12.1,0
49.1,16.6,221.0,23.0,0
49.1,16.6,221.0,23.0,1
49.1,16.6,221.0,25.6,0
49.1,16.6,221.0,34.3,0
49.1,16.6,221.0,26.8,1
49.1,16.6,221.0,23.5,0
49.1,16.6,221.0,33.1,0
49.1,16.6,221.0,25.4,1
49.1,16.6,221.0,11.1,1
49.1,16.6,221.0,13.9,1
49.1,16.6,221.0,17.5,1
49.1,16.6,221.0,18.2,0
49.1,16.6,221.0,13.6,0
49.1,16.6,221.0,7.1,0
49.1,16.6,221.0,2.5,0
49.1,17.1,369.0,3.2,0
49.1,17.1,369.0,10.2,0
49.1,17.1,369.0,6.8,0
49.1,17.1,369.0,13.4,0
49.1,17.1,369.0,9.0,1
49.1,17.1,369.0,19.1,0
49.1,17.1,369.0,17.0,1
49.1,17.1,369.0,24.5,0
49.1,17.1,369.0,27.5,0
49.1,17.1,369.0,24.9,0
49.1,17.1,369.0,16.7,1
49.1,17.1,369.0,28.0,0
49.1,17.1,369.0,28.0,0
49.1,17.1,369.0,19.0,0
49.1,17.1,369.0,17.4,0
49.1,17.1,369.0,12.2,1
49.1,17.1,369.0,2.0,0
49.1,17.1,369.0,4.3,0
49.1,17.1,369.0,1.9,1
49.1,17.1,369.0,2.3,0
49.1,17.1,369.0,11.3,0
49.1,17.1,369.0,9.4,0
49.1,17.1,369.0,20.6,0
49.1,17.1,369.0,7.2,0
49.1,17.1,369.0,20.8,0
49.1,17.1,369.0,18.0,0
49.1,17.1,369.0,31.6,1
49.1,17.1,369.0,29.2,0
49.1,17.1,369.0,31.0,1
49.1,17.1,369.0,23.4,0
49.1,17.1,369.0,32.0,0
49.1,17.1,369.0,13.9,1
49.1,17.1,369.0,11.6,1
49.1,17.1,369.0,14.1,1
49.1,17.1,369.0,15.6,1
49.1,17.1,369.0,17.9,0
49.1,17.1,369.0,12.5,0
49.1,17.1,369.0,8.5,0
49.1,17.1,369.0,1.5,0
49.1,17.6,256.0,3.8,0
49.1,17.6,256.0,9.8,0
49.1,17.6,256.0,6.5,0
49.1,17.6,256.0,13.2,0
49.1,17.6,256.0,20.5,0
49.1,17.6,256.0,12.1,1
49.1,17.6,256.0,22.9,0
49.1,17.6,256.0,24.5,0
49.1,17.6,256.0,25.5,0
49.1,17.6,256.0,21.0,1
49.1,17.6,256.0,17.4,1
49.1,17.6,256.0,28.7,0
49.1,17.6,256.0,27.6,0
49.1,17.6,256.0,18.2,0
49.1,17.6,256.0,18.5,0
49.1,17.6,256.0,12.6,1
49.1,17.6,256.0,1.7,0
49.1,17.6,256.0,4.2,0
49.1,17.6,256.0,2.0,0
49.1,17.6,256.0,8.9,0
49.1,17.6,256.0,15.1,0
49.1,17.6,256.0,15.9,0
49.1,17.6,256.0,10.9,0
49.1,17.6,256.0,21.0,0
49.1,17.6,256.0,15.9,0
49.1,17.6,256.0,21.8,1
49.1,17.6,256.0,26.4,0
49.1,17.6,256.0,26.5,0
49.1,17.6,256.0,27.4,0
49.1,17.6,256.0,15.4,1
49.1,17.6,256.0,11.2,1
49.1,17.6,256.0,15.3,1
49.1,17.6,256.0,16.3,1
49.1,17.6,256.0,19.8,0
49.1,17.6,256.0,14.8,0
49.1,17.6,256.0,4.8,0
49.1,17.6,256.0,4.4,0
49.1,18.1,609.0,1.2,0
49.1,18.1,609.0,6.4,0
49.1,18.1,609.0,4.6,0
49.1,18.1,609.0,11.4,0
49.1,18.1,609.0,18.2,0
49.1,18.1,609.0,19.1,0
49.1,18.1,609.0,23.8,1
49.1,18.1,609.0,21.7,0
49.1,18.1,609.0,22.9,0
49.1,18.1,609.0,21.9,1
49.1,18.1,609.0,16.3,1
49.1,18.1,609.0,27.0,0
49.1,18.1,609.0,24.8,0
49.1,18.1,609.0,17.4,1
49.1,18.1,609.0,15.6,0
49.1,18.1,609.0,13.3,0
49.1,18.1,609.0,9.9,1
49.1,18.1,609.0,-2.4,0
49.1,18.1,609.0,3.5,0
49.1,18.1,609.0,-1.5,0
49.1,18.1,609.0,8.7,0
49.1,18.1,609.0,9.0,0
49.1,18.1,609.0,17.9,0
49.1,18.1,609.0,7.0,0
49.1,18.1,609.0,18.9,0
49.1,18.1,609.0,16.4,1
49.1,18.1,609.0,17.6,0
49.1,18.1,609.0,19.3,1
49.1,18.1,609.0,29.5,0
49.1,18.1,609.0,22.3,0
49.1,18.1,609.0,28.9,0
49.1,18.1,609.0,11.8,1
49.1,18.1,609.0,13.6,1
49.1,18.1,609.0,14.7,1
49.1,18.1,609.0,19.1,0
49.1,18.1,609.0,12.2,0
49.1,18.1,609.0,4.7,0
49.1,18.1,609.0,1.5,0
49.1,18.6,543.0,1.9,0
49.1,18.6,543.0,6.4,0
49.1,18.6,543.0,4.6,0
49.1,18.6,543.0,11.2,0
49.1,18.6,543.0,17.8,0
49.1,18.6,543.0,19.0,0
49.1,18.6,543.0,18.7,0
49.1,18.6,543.0,27.4,0
49.1,18.6,543.0,24.1,1
49.1,18.6,543.0,17.6,1
49.1,18.6,543.0,27.9,0
49.1,18.6,543.0,25.1,1
49.1,18.6,543.0,25.2,0
49.1,18.6,543.0,16.0,0
49.1,18.6,543.0,11.1,1
49.1,18.6,543.0,15.2,0
49.1,18.6,543.0,-0.6,0
49.1,18.6,543.0,1.5,0
49.1,18.6,543.0,-0.8,0
49.1,18.6,543.0,6.9,0
49.1,18.6,543.0,13.9,0
49.1,18.6,543.0,14.2,0
49.1,18.6,543.0,10.8,1
49.1,18.6,543.0,7.7,0
49.1,18.6,543.0,20.0,0
49.1,18.6,543.0,14.4,0
49.1,18.6,543.0,18.3,1
49.1,18.6,543.0,27.5,0
49.1,18.6,543.0,27.1,1
49.1,18.6,543.0,22.5,0
49.1,18.6,543.0,28.9,0
49.1,18.6,543.0,14.1,1
49.1,18.6,543.0,14.9,1
49.1,18.6,543.0,17.5,0
49.1,18.6,543.0,14.4,0
49.1,18.6,543.0,2.0,0
49.1,18.6,543.0,2.7,0
49.6,12.1,434.0,1.4,0
49.6,12.1,434.0,8.9,0
49.6,12.1,434.0,6.5,0
49.6,12.1,434.0,12.9,0
49.6,12.1,434.0,21.2,0
49.6,12.1,434.0,22.8,0
49.6,12.1,434.0,24.5,0
49.6,12.1,434.0,27.4,0
49.6,12.1,434.0,24.8,0
49.6,12.1,434.0,29.9,1
49.6,12.1,434.0,28.5,1
49.6,12.1,434.0,26.9,0
49.6,12.1,434.0,16.4,0
49.6,12.1,434.0,15.6,0
49.6,12.1,434.0,4.9,0
49.6,12.1,434.0,5.1,0
49.6,12.1,434.0,6.2,1
49.6,12.1,434.0,7.7,1
49.6,12.1,434.0,-1.0,0
49.6,12.1,434.0,9.2,0
49.6,12.1,434.0,9.9,1
49.6,12.1,434.0,9.5,0
49.6,12.1,434.0,22.0,0
49.6,12.1,434.0,7.2,0
49.6,12.1,434.0,18.8,0
49.6,12.1,434.0,16.9,0
49.6,12.1,434.0,24.5,0
49.6,12.1,434.0,22.1,0
49.6,12.1,434.0,24.7,0
49.6,12.1,434.0,21.3,0
49.6,12.1,434.0,12.4,1
49.6,12.1,434.0,17.2,0
49.6,12.1,434.0,3.2,0
49.6,12.1,434.0,5.4,1
49.6,12.1,434.0,4.0,0
49.6,12.6,503.0,-0.7,0
49.6,12.6,503.0,7.4,0
49.6,12.6,503.0,8.6,1
49.6,12.6,503.0,10.2,0
49.6,12.6,503.0,10.5,0
49.6,12.6,503.0,17.5,0
49.6,12.6,503.0,20.6,0
49.6,12.6,503.0,24.4,0
49.6,12.6,503.0,22.8,0
49.6,12.6,503.0,27.9,0
49.6,12.6,503.0,24.5,0
49.6,12.6,503.0,23.7,0
49.6,12.6,503.0,11.9,0
49.6,12.6,503.0,1.5,0
49.6,12.6,503.0,4.2,0
49.6,12.6,503.0,5.2,1
49.6,12.6,503.0,6.3,1
49.6,12.6,503.0,-3.1,0
49.6,12.6,503.0,6.3,0
49.6,12.6,503.0,8.1,1
49.6,12.6,503.0,8.4,1
49.6,12.6,503.0,7.6,0
49.6,12.6,503.0,20.2,0
49.6,12.6,503.0,6.9,0
49.6,12.6,503.0,17.5,0
49.6,12.6,503.0,15.2,0
49.6,12.6,503.0,23.6,0
49.6,12.6,503.0,21.5,0
49.6,12.6,503.0,22.8,0
49.6,12.6,503.0,19.3,0
49.6,12.6,503.0,10.7,1
49.6,12.6,503.0,13.2,0
49.6,12.6,503.0,3.3,0
49.6,12.6,503.0,4.0,1
49.6,12.6,503.0,3.0,0
49.6,13.1,356.0,1.4,0
49.6,13.1,356.0,9.7,0
49.6,13.1,356.0,6.7,0
49.6,13.1,356.0,12.9,0
49.6,13.1,356.0,21.5,0
49.6,13.1,356.0,20.4,0
49.6,13.1,356.0,23.9,0
49.6,13.1,356.0,26.8,0
49.6,13.1,356.0,26.2,0
49.6,13.1,356.0,26.3,0
49.6,13.1,356.0,24.5,0
49.6,13.1,356.0,10.9,0
49.6,13.1,356.0,8.8,0
49.6,13.1,356.0,5.8,0
49.6,13.1,356.0,6.5,1
49.6,13.1,356.0,7.3,1
49.6,13.1,356.0,-0.1,0
49.6,13.1,356.0,7.4,0
49.6,13.1,356.0,10.6,0
49.6,13.1,356.0,18.0,0
49.6,13.1,356.0,5.6,0
49.6,13.1,356.0,20.0,0
49.6,13.1,356.0,20.2,1
49.6,13.1,356.0,14.9,0
49.6,13.1,356.0,28.4,0
49.6,13.1,356.0,30.4,0
49.6,13.1,356.0,22.9,0
49.6,13.1,356.0,9.1,1
49.6,13.1,356.0,20.1,0
49.6,13.1,356.0,11.8,1
49.6,13.1,356.0,14.4,0
49.6,13.1,356.0,2.9,0
49.6,13.1,356.0,3.2,0
49.6,13.1,356.0,0.7,0
49.6,13.6,483.0,0.6,0
49.6,13.6,483.0,7.7,0
49.6,13.6,483.0,5.9,0
49.6,13.6,483.0,12.2,0
49.6,13.6,483.0,21.3,0
49.6,13.6,483.0,19.9,0
49.6,13.6,483.0,28.9,1
49.6,13.6,483.0,24.5,0
49.6,13.6,483.0,23.6,0
49.6,13.6,483.0,17.8,1
49.6,13.6,483.0,30.2,0
49.6,13.6,483.0,16.0,1
49.6,13.6,483.0,26.4,0
49.6,13.6,483.0,15.8,0
49.6,13.6,483.0,17.5,0
49.6,13.6,483.0,6.4,0
49.6,13.6,483.0,5.8,0
49.6,13.6,483.0,6.1,1
49.6,13.6,483.0,0.2,0
49.6,13.6,483.0,9.1,0
49.6,13.6,483.0,10.9,0
49.6,13.6,483.0,18.5,0
49.6,13.6,483.0,7.2,0
49.6,13.6,483.0,16.2,0
49.6,13.6,483.0,16.4,0
49.6,13.6,483.0,17.2,0
49.6,13.6,483.0,28.0,0
49.6,13.6,483.0,24.5,1
49.6,13.6,483.0,24.2,0
49.6,13.6,483.0,8.3,1
49.6,13.6,483.0,11.4,1
49.6,13.6,483.0,14.4,1
49.6,13.6,483.0,17.2,0
49.6,13.6,483.0,16.5,0
49.6,13.6,483.0,2.0,0
49.6,13.6,483.0,3.8,0
49.6,14.1,520.0,0.6,0
49.6,14.1,520.0,8.1,0
49.6,14.1,520.0,5.8,0
49.6,14.1,520.0,11.8,0
49.6,14.1,520.0,21.0,0
49.6,14.1,520.0,20.0,0
49.6,14.1,520.0,23.6,0
49.6,14.1,520.0,27.7,0
49.6,14.1,520.0,26.6,0
49.6,14.1,520.0,26.5,1
49.6,14.1,520.0,16.3,1
49.6,14.1,520.0,26.6,0
49.6,14.1,520.0,16.6,0
49.6,14.1,520.0,17.8,0
49.6,14.1,520.0,5.1,0
49.6,14.1,520.0,8.1,0
49.6,14.1,520.0,5.9,1
49.6,14.1,520.0,-1.2,0
49.6,14.1,520.0,8.4,0
49.6,14.1,520.0,12.2,0
49.6,14.1,520.0,14.4,0
49.6,14.1,520.0,6.3,0
49.6,14.1,520.0,15.6,0
49.6,14.1,520.0,16.6,0
49.6,14.1,520.0,28.9,0
49.6,14.1,520.0,30.4,0
49.6,14.1,520.0,24.6,1
49.6,14.1,520.0,21.8,0
49.6,14.1,520.0,8.9,1
49.6,14.1,520.0,10.8,1
49.6,14.1,520.0,20.8,0
49.6,14.1,520.0,14.6,0
49.6,14.1,520.0,3.8,0
49.6,14.1,520.0,5.7,0
49.6,14.1,520.0,4.8,0
49.6,14.6,537.0,-0.1,0
49.6,14.6,537.0,6.9,0
49.6,14.6,537.0,5.0,0
49.6,14.6,537.0,11.1,0
49.6,14.6,537.0,4.2,1
49.6,14.6,537.0,17.0,0
49.6,14.6,537.0,20.2,0
49.6,14.6,537.0,23.3,0
49.6,14.6,537.0,22.8,0
49.6,14.6,537.0,15.5,1
49.6,14.6,537.0,28.9,0
49.6,14.6,537.0,15.6,1
49.6,14.6,537.0,25.5,0
49.6,14.6,537.0,15.1,0
49.6,14.6,537.0,17.5,0
49.6,14.6,537.0,6.2,0
49.6,14.6,537.0,8.7,0
49.6,14.6,537.0,5.3,1
49.6,14.6,537.0,-0.7,0
49.6,14.6,537.0,8.4,0
49.6,14.6,537.0,12.1,0
49.6,14.6,537.0,16.5,0
49.6,14.6,537.0,6.6,0
49.6,14.6,537.0,12.1,1
49.6,14.6,537.0,18.6,0
49.6,14.6,537.0,15.9,0
49.6,14.6,537.0,21.8,0
49.6,14.6,537.0,24.2,1
49.6,14.6,537.0,21.5,0
49.6,14.6,537.0,24.5,1
49.6,14.6,537.0,28.6,0
49.6,14.6,537.0,7.8,1
49.6,14.6,537.0,9.3,1
49.6,14.6,537.0,8.9,1
49.6,14.6,537.0,18.4,0
49.6,14.6,537.0,16.1,0
49.6,14.6,537.0,6.3,0
49.6,14.6,537.0,0.0,0
49.6,15.1,550.0,0.6,0
49.6,15.1,550.0,7.5,0
49.6,15.1,550.0,5.8,0
49.6,15.1,550.0,11.6,0
49.6,15.1,550.0,4.9,1
49.6,15.1,550.0,17.5,0
49.6,15.1,550.0,20.7,0
49.6,15.1,550.0,24.0,0
49.6,15.1,550.0,22.5,0
49.6,15.1,550.0,16.4,1
49.6,15.1,550.0,29.5,0
49.6,15.1,550.0,26.1,1
49.6,15.1,550.0,26.5,0
49.6,15.1,550.0,16.1,0
49.6,15.1,550.0,18.2,0
49.6,15.1,550.0,7.1,0
49.6,15.1,550.0,8.9,0
49.6,15.1,550.0,4.2,1
49.6,15.1,550.0,0.2,0
49.6,15.1,550.0,8.6,0
49.6,15.1,550.0,12.9,0
49.6,15.1,550.0,16.5,0
49.6,15.1,550.0,7.0,0
49.6,15.1,550.0,12.5,1
49.6,15.1,550.0,18.6,0
49.6,15.1,550.0,16.5,0
49.6,15.1,550.0,23.5,0
49.6,15.1,550.0,23.4,0
49.6,15.1,550.0,23.5,0
49.6,15.1,550.0,12.1,1
49.6,15.1,550.0,8.6,1
49.6,15.1,550.0,10.1,1
49.6,15.1,550.0,9.6,1
49.6,15.1,550.0,19.0,0
49.6,15.1,550.0,14.0,0
49.6,15.1,550.0,4.8,0
49.6,15.1,550.0,1.2,0
49.6,15.6,420.0,0.6,0
49.6,15.6,420.0,7.6,0
49.6,15.6,420.0,5.2,0
49.6,15.6,420.0,12.1,0
49.6,15.6,420.0,5.5,1
49.6,15.6,420.0,17.6,0
49.6,15.6,420.0,20.6,0
49.6,15.6,420.0,22.8,0
49.6,15.6,420.0,22.1,0
49.6,15.6,420.0,28.0,0
49.6,15.6,420.0,26.4,1
49.6,15.6,420.0,25.5,0
49.6,15.6,420.0,16.3,0
49.6,15.6,420.0,14.1,0
49.6,15.6,420.0,11.3,1
49.6,15.6,420.0,6.7,0
49.6,15.6,420.0,9.4,0
49.6,15.6,420.0,2.0,1
49.6,15.6,420.0,0.3,0
49.6,15.6,420.0,8.2,0
49.6,15.6,420.0,12.9,0
49.6,15.6,420.0,14.9,0
49.6,15.6,420.0,6.1,0
49.6,15.6,420.0,12.4,1
49.6,15.6,420.0,18.9,0
49.6,15.6,420.0,17.0,0
49.6,15.6,420.0,23.1,0
49.6,15.6,420.0,24.0,0
49.6,15.6,420.0,23.4,0
49.6,15.6,420.0,22.1,1
49.6,15.6,420.0,13.2,1
49.6,15.6,420.0,8.6,1
49.6,15.6,420.0,10.3,1
49.6,15.6,420.0,10.1,1
49.6,15.6,420.0,18.9,0
49.6,15.6,420.0,14.1,0
49.6,15.6,420.0,6.3,0
49.6,15.6,420.0,1.6,0
49.6,16.1,789.0,-1.3,0
49.6,16.1,789.0,5.0,0
49.6,16.1,789.0,2.9,0
49.6,16.1,789.0,9.9,0
49.6,16.1,789.0,4.8,1
49.6,16.1,789.0,15.8,0
49.6,16.1,789.0,19.1,0
49.6,16.1,789.0,20.7,0
49.6,16.1,789.0,19.6,0
49.6,16.1,789.0,13.1,1
49.6,16.1,789.0,25.5,0
49.6,16.1,789.0,22.6,0
49.6,16.1,789.0,13.9,0
49.6,16.1,789.0,10.4,0
49.6,16.1,789.0,9.0,1
49.6,16.1,789.0,4.4,0
49.6,16.1,789.0,7.0,0
49.6,16.1,789.0,-0.6,1
49.6,16.1,789.0,-2.0,0
49.6,16.1,789.0,5.5,0
49.6,16.1,789.0,11.0,0
49.6,16.1,789.0,12.2,0
49.6,16.1,789.0,4.1,0
49.6,16.1,789.0,11.0,1
49.6,16.1,789.0,16.4,0
49.6,16.1,789.0,14.9,0
49.6,16.1,789.0,21.2,0
49.6,16.1,789.0,23.7,1
49.6,16.1,789.0,19.4,0
49.6,16.1,789.0,23.9,1
49.6,16.1,789.0,25.9,0
49.6,16.1,789.0,11.3,1
49.6,16.1,789.0,7.2,1
49.6,16.1,789.0,9.3,1
49.6,16.1,789.0,9.3,1
49.6,16.1,789.0,15.3,0
49.6,16.1,789.0,12.5,0
49.6,16.1,789.0,4.9,0
49.6,16.1,789.0,-2.7,0
49.6,16.6,557.0,0.6,0
49.6,16.6,557.0,8.1,0
49.6,16.6,557.0,4.7,0
49.6,16.6,557.0,12.5,0
49.6,16.6,557.0,7.4,1
49.6,16.6,557.0,17.5,0
49.6,16.6,557.0,20.6,0
49.6,16.6,557.0,22.6,0
49.6,16.6,557.0,23.1,0
49.6,16.6,557.0,18.4,1
49.6,16.6,557.0,15.1,1
49.6,16.6,557.0,27.5,0
49.6,16.6,557.0,18.6,1
49.6,16.6,557.0,27.1,0
49.6,16.6,557.0,17.6,0
49.6,16.6,557.0,14.5,0
49.6,16.6,557.0,11.4,1
49.6,16.6,557.0,-0.6,0
49.6,16.6,557.0,5.8,1
49.6,16.6,557.0,4.2,0
49.6,16.6,557.0,1.0,1
49.6,16.6,557.0,-0.6,0
49.6,16.6,557.0,8.6,0
49.6,16.6,557.0,4.8,0
49.6,16.6,557.0,7.4,1
49.6,16.6,557.0,12.6,0
49.6,16.6,557.0,15.9,0
49.6,16.6,557.0,19.1,0
49.6,16.6,557.0,20.9,0
49.6,16.6,557.0,26.2,0
49.6,16.6,557.0,26.0,1
49.6,16.6,557.0,22.9,0
49.6,16.6,557.0,27.9,0
49.6,16.6,557.0,13.4,1
49.6,16.6,557.0,9.5,1
49.6,16.6,557.0,12.3,1
49.6,16.6,557.0,15.1,1
49.6,16.6,557.0,10.7,0
49.6,16.6,557.0,15.2,0
49.6,16.6,557.0,5.4,0
49.6,16.6,557.0,0.9,0
49.6,17.1,232.0,7.5,1
49.6,17.1,232.0,1.1,0
49.6,17.1,232.0,11.6,0
49.6,17.1,232.0,9.4,0
49.6,17.1,232.0,12.4,0
49.6,17.1,232.0,10.4,1
49.6,17.1,232.0,12.9,0
49.6,17.1,232.0,25.1,0
49.6,17.1,232.0,26.3,0
49.6,17.1,232.0,26.8,0
49.6,17.1,232.0,21.5,1
49.6,17.1,232.0,16.8,1
49.6,17.1,232.0,28.7,0
49.6,17.1,232.0,28.0,0
49.6,17.1,232.0,19.2,0
49.6,17.1,232.0,16.1,0
49.6,17.1,232.0,12.9,1
49.6,17.1,232.0,0.7,0
49.6,17.1,232.0,7.3,0
49.6,17.1,232.0,2.0,0
49.6,17.1,232.0,11.1,0
49.6,17.1,232.0,8.4,1
49.6,17.1,232.0,9.1,0
49.6,17.1,232.0,20.8,0
49.6,17.1,232.0,11.4,0
49.6,17.1,232.0,22.2,0
49.6,17.1,232.0,19.5,0
49.6,17.1,232.0,28.8,0
49.6,17.1,232.0,28.2,1
49.6,17.1,232.0,23.8,0
49.6,17.1,232.0,28.0,1
49.6,17.1,232.0,31.2,0
49.6,17.1,232.0,15.3,1
49.6,17.1,232.0,11.2,1
49.6,17.1,232.0,15.1,1
49.6,17.1,232.0,18.9,1
49.6,17.1,232.0,16.8,0
49.6,17.1,232.0,13.7,0
49.6,17.1,232.0,6.6,0
49.6,17.1,232.0,2.7,0
49.6,17.6,547.0,-0.0,0
49.6,17.6,547.0,7.0,0
49.6,17.6,547.0,4.5,0
49.6,17.6,547.0,11.0,0
49.6,17.6,547.0,18.0,0
49.6,17.6,547.0,18.4,0
49.6,17.6,547.0,24.2,1
49.6,17.6,547.0,23.7,0
49.6,17.6,547.0,22.6,0
49.6,17.6,547.0,18.8,1
49.6,17.6,547.0,15.1,1
49.6,17.6,547.0,27.4,0
49.6,17.6,547.0,24.9,0
49.6,17.6,547.0,15.5,0
49.6,17.6,547.0,15.2,0
49.6,17.6,547.0,11.0,1
49.6,17.6,547.0,-0.5,0
49.6,17.6,547.0,2.1,0
49.6,17.6,547.0,-0.4,0
49.6,17.6,547.0,5.9,0
49.6,17.6,547.0,12.5,0
49.6,17.6,547.0,13.3,0
49.6,17.6,547.0,7.4,0
49.6,17.6,547.0,18.5,0
49.6,17.6,547.0,23.3,1
49.6,17.6,547.0,21.8,1
49.6,17.6,547.0,20.1,1
49.6,17.6,547.0,21.4,0
49.6,17.6,547.0,19.4,1
49.6,17.6,547.0,26.2,1
49.6,17.6,547.0,28.1,1
49.6,17.6,547.0,23.8,0
49.6,17.6,547.0,25.3,0
49.6,17.6,547.0,25.2,0
49.6,17.6,547.0,14.8,1
49.6,17.6,547.0,11.5,1
49.6,17.6,547.0,14.1,1
49.6,17.6,547.0,16.4,1
49.6,17.6,547.0,11.2,0
49.6,17.6,547.0,13.4,0
49.6,17.6,547.0,4.7,0
49.6,17.6,547.0,-1.5,0
49.6,18.1,291.0,1.1,0
49.6,18.1,291.0,8.2,0
49.6,18.1,291.0,5.6,0
49.6,18.1,291.0,11.6,0
49.6,18.1,291.0,19.2,0
49.6,18.1,291.0,20.2,0
49.6,18.1,291.0,18.4,0
49.6,18.1,291.0,29.0,0
49.6,18.1,291.0,20.5,1
49.6,18.1,291.0,16.5,1
49.6,18.1,291.0,30.0,0
49.6,18.1,291.0,20.0,1
49.6,18.1,291.0,27.2,0
49.6,18.1,291.0,17.2,0
49.6,18.1,291.0,11.1,1
49.6,18.1,291.0,17.2,0
49.6,18.1,291.0,0.9,0
49.6,18.1,291.0,4.1,0
49.6,18.1,291.0,0.7,0
49.6,18.1,291.0,8.2,0
49.6,18.1,291.0,15.3,0
49.6,18.1,291.0,15.6,0
49.6,18.1,291.0,9.6,0
49.6,18.1,291.0,21.7,0
49.6,18.1,291.0,22.5,1
49.6,18.1,291.0,15.6,0
49.6,18.1,291.0,24.7,0
49.6,18.1,291.0,26.5,0
49.6,18.1,291.0,25.1,0
49.6,18.1,291.0,14.1,1
49.6,18.1,291.0,12.8,1
49.6,18.1,291.0,15.5,1
49.6,18.1,291.0,17.5,1
49.6,18.1,291.0,19.9,0
49.6,18.1,291.0,15.4,0
49.6,18.1,291.0,4.1,0
49.6,18.1,291.0,2.8,0
49.6,18.6,991.0,0.1,1
49.6,18.6,991.0,-3.0,0
49.6,18.6,991.0,3.9,0
49.6,18.6,991.0,5.6,0
49.6,18.6,991.0,10.1,0
49.6,18.6,991.0,13.0,0
49.6,18.6,991.0,16.4,0
49.6,18.6,991.0,18.2,0
49.6,18.6,991.0,18.7,0
49.6,18.6,991.0,18.2,1
49.6,18.6,991.0,13.4,1
49.6,18.6,991.0,25.0,0
49.6,18.6,991.0,25.0,1
49.6,18.6,991.0,17.1,1
49.6,18.6,991.0,23.0,0
49.6,18.6,991.0,14.0,1
49.6,18.6,991.0,11.7,0
49.6,18.6,991.0,7.9,1
49.6,18.6,991.0,8.2,0
49.6,18.6,991.0,-1.9,0
49.6,18.6,991.0,-4.7,1
49.6,18.6,991.0,2.7,0
49.6,18.6,991.0,2.2,0
49.6,18.6,991.0,4.5,0
49.6,18.6,991.0,5.1,0
49.6,18.6,991.0,8.0,1
49.6,18.6,991.0,10.3,0
49.6,18.6,991.0,15.9,0
49.6,18.6,991.0,16.0,0
49.6,18.6,991.0,11.9,1
49.6,18.6,991.0,22.3,0
49.6,18.6,991.0,20.3,1
49.6,18.6,991.0,21.7,0
49.6,18.6,991.0,22.4,0
49.6,18.6,991.0,19.6,1
49.6,18.6,991.0,25.5,0
49.6,18.6,991.0,9.1,1
49.6,18.6,991.0,11.8,1
49.6,18.6,991.0,13.3,1
49.6,18.6,991.0,11.3,0
49.6,18.6,991.0,11.5,0
49.6,18.6,991.0,3.0,0
49.6,18.6,991.0,-0.7,1
49.6,18.6,991.0,2.2,0
50.1,12.1,585.0,-0.6,0
50.1,12.1,585.0,7.1,0
50.1,12.1,585.0,5.7,0
50.1,12.1,585.0,12.4,0
50.1,12.1,585.0,20.5,0
50.1,12.1,585.0,18.8,0
50.1,12.1,585.0,22.1,0
50.1,12.1,585.0,25.6,0
50.1,12.1,585.0,23.8,0
50.1,12.1,585.0,25.0,0
50.1,12.1,585.0,23.0,0
50.1,12.1,585.0,9.4,0
50.1,12.1,585.0,6.6,0
50.1,12.1,585.0,4.1,0
50.1,12.1,585.0,5.7,1
50.1,12.1,585.0,5.3,1
50.1,12.1,585.0,6.5,1
50.1,12.1,585.0,-2.8,0
50.1,12.1,585.0,5.9,0
50.1,12.1,585.0,11.8,0
50.1,12.1,585.0,11.2,0
50.1,12.1,585.0,5.2,0
50.1,12.1,585.0,13.4,0
50.1,12.1,585.0,18.0,1
50.1,12.1,585.0,16.5,0
50.1,12.1,585.0,18.0,0
50.1,12.1,585.0,26.2,0
50.1,12.1,585.0,20.8,0
50.1,12.1,585.0,18.8,0
50.1,12.1,585.0,11.1,0
50.1,12.1,585.0,7.4,0
50.1,12.1,585.0,1.0,0
50.1,12.1,585.0,3.9,1
50.1,12.1,585.0,-0.3,0
50.1,12.6,580.0,-0.8,0
50.1,12.6,580.0,6.7,0
50.1,12.6,580.0,4.9,0
50.1,12.6,580.0,12.1,0
50.1,12.6,580.0,20.1,0
50.1,12.6,580.0,18.0,0
50.1,12.6,580.0,21.4,0
50.1,12.6,580.0,27.0,0
50.1,12.6,580.0,23.2,0
50.1,12.6,580.0,28.0,1
50.1,12.6,580.0,24.6,0
50.1,12.6,580.0,22.5,0
50.1,12.6,580.0,10.6,0
50.1,12.6,580.0,0.6,0
50.1,12.6,580.0,4.9,0
50.1,12.6,580.0,5.2,1
50.1,12.6,580.0,6.0,1
50.1,12.6,580.0,-2.7,0
50.1,12.6,580.0,5.8,0
50.1,12.6,580.0,11.1,0
50.1,12.6,580.0,10.8,0
50.1,12.6,580.0,4.7,0
50.1,12.6,580.0,13.6,0
50.1,12.6,580.0,18.5,1
50.1,12.6,580.0,15.3,1
50.1,12.6,580.0,14.6,0
50.1,12.6,580.0,21.9,0
50.1,12.6,580.0,19.8,0
50.1,12.6,580.0,22.5,0
50.1,12.6,580.0,19.4,0
50.1,12.6,580.0,12.9,0
50.1,12.6,580.0,7.8,0
50.1,12.6,580.0,1.1,0
50.1,12.6,580.0,3.6,1
50.1,12.6,580.0,0.0,0
50.1,13.1,610.0,-1.8,0
50.1,13.1,610.0,6.2,0
50.1,13.1,610.0,4.2,0
50.1,13.1,610.0,10.6,0
50.1,13.1,610.0,18.9,0
50.1,13.1,610.0,17.9,0
50.1,13.1,610.0,21.2,0
50.1,13.1,610.0,26.2,0
50.1,13.1,610.0,23.5,0
50.1,13.1,610.0,23.8,0
50.1,13.1,610.0,22.9,0
50.1,13.1,610.0,9.1,0
50.1,13.1,610.0,6.1,0
50.1,13.1,610.0,3.4,0
50.1,13.1,610.0,4.2,1
50.1,13.1,610.0,2.6,0
50.1,13.1,610.0,7.2,0
50.1,13.1,610.0,10.4,0
50.1,13.1,610.0,9.6,0
50.1,13.1,610.0,4.7,0
50.1,13.1,610.0,20.4,0
50.1,13.1,610.0,15.4,1
50.1,13.1,610.0,19.2,0
50.1,13.1,610.0,18.6,0
50.1,13.1,610.0,24.8,0
50.1,13.1,610.0,27.2,0
50.1,13.1,610.0,19.6,0
50.1,13.1,610.0,10.3,0
50.1,13.1,610.0,5.7,0
50.1,13.1,610.0,5.7,0
50.1,13.1,610.0,5.7,0
50.1,13.6,373.0,0.3,0
50.1,13.6,373.0,8.4,0
50.1,13.6,373.0,5.8,0
50.1,13.6,373.0,13.1,0
50.1,13.6,373.0,21.0,0
50.1,13.6,373.0,20.4,0
50.1,13.6,373.0,23.4,0
50.1,13.6,373.0,29.7,0
50.1,13.6,373.0,26.1,0
50.1,13.6,373.0,26.1,0
50.1,13.6,373.0,24.5,0
50.1,13.6,373.0,11.1,0
50.1,13.6,373.0,8.1,0
50.1,13.6,373.0,6.0,0
50.1,13.6,373.0,5.7,1
50.1,13.6,373.0,2.2,0
50.1,13.6,373.0,9.7,0
50.1,13.6,373.0,8.9,0
50.1,13.6,373.0,11.4,0
50.1,13.6,373.0,6.1,0
50.1,13.6,373.0,22.0,0
50.1,13.6,373.0,17.3,1
50.1,13.6,373.0,21.1,0
50.1,13.6,373.0,21.0,0
50.1,13.6,373.0,26.8,0
50.1,13.6,373.0,22.2,1
50.1,13.6,373.0,25.9,1
50.1,13.6,373.0,20.8,0
50.1,13.6,373.0,9.1,1
50.1,13.6,373.0,20.5,0
50.1,13.6,373.0,13.6,0
50.1,13.6,373.0,5.4,0
50.1,13.6,373.0,2.7,0
50.1,13.6,373.0,2.3,0
50.1,14.1,417.0,1.0,0
50.1,14.1,417.0,8.4,0
50.1,14.1,417.0,6.2,0
50.1,14.1,417.0,13.5,0
50.1,14.1,417.0,21.2,0
50.1,14.1,417.0,20.9,0
50.1,14.1,417.0,24.0,0
50.1,14.1,417.0,29.5,0
50.1,14.1,417.0,27.0,0
50.1,14.1,417.0,25.9,0
50.1,14.1,417.0,26.1,0
50.1,14.1,417.0,11.4,0
50.1,14.1,417.0,8.6,0
50.1,14.1,417.0,6.4,0
50.1,14.1,417.0,4.7,1
50.1,14.1,417.0,1.3,0
50.1,14.1,417.0,10.3,0
50.1,14.1,417.0,12.2,0
50.1,14.1,417.0,12.5,0
50.1,14.1,417.0,5.2,0
50.1,14.1,417.0,12.9,1
50.1,14.1,417.0,20.4,0
50.1,14.1,417.0,20.9,0
50.1,14.1,417.0,21.6,0
50.1,14.1,417.0,28.5,0
50.1,14.1,417.0,26.0,1
50.1,14.1,417.0,23.5,0
50.1,14.1,417.0,9.4,1
50.1,14.1,417.0,12.1,1
50.1,14.1,417.0,15.9,1
50.1,14.1,417.0,20.2,0
50.1,14.1,417.0,14.5,0
50.1,14.1,417.0,2.1,0
50.1,14.1,417.0,6.1,0
50.1,14.1,417.0,3.7,0
50.1,14.6,238.0,2.2,0
50.1,14.6,238.0,8.7,0
50.1,14.6,238.0,7.2,0
50.1,14.6,238.0,14.3,0
50.1,14.6,238.0,6.8,1
50.1,14.6,238.0,19.3,0
50.1,14.6,238.0,23.8,0
50.1,14.6,238.0,19.7,1
50.1,14.6,238.0,29.1,0
50.1,14.6,238.0,26.2,0
50.1,14.6,238.0,31.9,0
50.1,14.6,238.0,17.1,1
50.1,14.6,238.0,27.7,0
50.1,14.6,238.0,18.7,0
50.1,14.6,238.0,17.9,0
50.1,14.6,238.0,8.1,0
50.1,14.6,238.0,8.8,0
50.1,14.6,238.0,0.4,0
50.1,14.6,238.0,9.4,0
50.1,14.6,238.0,13.4,0
50.1,14.6,238.0,15.1,0
50.1,14.6,238.0,6.8,0
50.1,14.6,238.0,13.4,1
50.1,14.6,238.0,17.6,0
50.1,14.6,238.0,18.9,0
50.1,14.6,238.0,18.6,0
50.1,14.6,238.0,29.2,0
50.1,14.6,238.0,22.8,1
50.1,14.6,238.0,27.5,1
50.1,14.6,238.0,31.0,0
50.1,14.6,238.0,10.1,1
50.1,14.6,238.0,12.2,1
50.1,14.6,238.0,18.5,0
50.1,14.6,238.0,16.9,0
50.1,14.6,238.0,3.2,0
50.1,14.6,238.0,4.2,0
50.1,15.1,209.0,2.8,0
50.1,15.1,209.0,9.2,0
50.1,15.1,209.0,7.1,0
50.1,15.1,209.0,13.9,0
50.1,15.1,209.0,7.7,1
50.1,15.1,209.0,19.5,0
50.1,15.1,209.0,24.0,0
50.1,15.1,209.0,27.1,1
50.1,15.1,209.0,29.1,0
50.1,15.1,209.0,27.0,0
50.1,15.1,209.0,19.0,1
50.1,15.1,209.0,31.0,0
50.1,15.1,209.0,28.0,1
50.1,15.1,209.0,28.8,0
50.1,15.1,209.0,19.4,0
50.1,15.1,209.0,16.5,0
50.1,15.1,209.0,2.9,0
50.1,15.1,209.0,6.4,0
50.1,15.1,209.0,2.5,0
50.1,15.1,209.0,6.8,0
50.1,15.1,209.0,13.1,0
50.1,15.1,209.0,18.7,0
50.1,15.1,209.0,10.2,0
50.1,15.1,209.0,18.6,0
50.1,15.1,209.0,19.2,0
50.1,15.1,209.0,20.0,0
50.1,15.1,209.0,29.4,0
50.1,15.1,209.0,29.2,1
50.1,15.1,209.0,25.0,0
50.1,15.1,209.0,10.8,1
50.1,15.1,209.0,12.8,1
50.1,15.1,209.0,22.6,0
50.1,15.1,209.0,16.4,0
50.1,15.1,209.0,4.1,0
50.1,15.1,209.0,6.9,0
50.1,15.6,253.0,2.5,0
50.1,15.6,253.0,8.8,0
50.1,15.6,253.0,6.3,0
50.1,15.6,253.0,13.4,0
50.1,15.6,253.0,8.0,1
50.1,15.6,253.0,19.2,0
50.1,15.6,253.0,22.6,0
50.1,15.6,253.0,24.2,0
50.1,15.6,253.0,24.0,0
50.1,15.6,253.0,16.2,1
50.1,15.6,253.0,30.7,0
50.1,15.6,253.0,27.0,1
50.1,15.6,253.0,18.4,1
50.1,15.6,253.0,28.2,0
50.1,15.6,253.0,18.9,0
50.1,15.6,253.0,16.3,0
50.1,15.6,253.0,12.3,1
50.1,15.6,253.0,0.4,0
50.1,15.6,253.0,7.9,0
50.1,15.6,253.0,4.6,1
50.1,15.6,253.0,1.6,0
50.1,15.6,253.0,13.5,0
50.1,15.6,253.0,8.7,0
50.1,15.6,253.0,21.8,0
50.1,15.6,253.0,9.8,0
50.1,15.6,253.0,22.3,0
50.1,15.6,253.0,21.4,0
50.1,15.6,253.0,29.4,0
50.1,15.6,253.0,26.3,1
50.1,15.6,253.0,22.6,0
50.1,15.6,253.0,30.8,0
50.1,15.6,253.0,24.0,1
50.1,15.6,253.0,11.0,1
50.1,15.6,253.0,13.6,1
50.1,15.6,253.0,19.1,0
50.1,15.6,253.0,15.6,0
50.1,15.6,253.0,8.2,0
50.1,15.6,253.0,2.8,0
50.1,16.1,258.0,2.0,0
50.1,16.1,258.0,8.9,0
50.1,16.1,258.0,6.2,0
50.1,16.1,258.0,13.8,0
50.1,16.1,258.0,8.9,1
50.1,16.1,258.0,18.6,0
50.1,16.1,258.0,22.6,0
50.1,16.1,258.0,20.0,1
50.1,16.1,258.0,26.6,0
50.1,16.1,258.0,26.0,0
50.1,16.1,258.0,15.6,1
50.1,16.1,258.0,29.5,0
50.1,16.1,258.0,27.3,0
50.1,16.1,258.0,17.0,0
50.1,16.1,258.0,15.8,1
50.1,16.1,258.0,16.4,0
50.1,16.1,258.0,13.4,1
50.1,16.1,258.0,-0.1,0
50.1,16.1,258.0,7.5,0
50.1,16.1,258.0,1.2,0
50.1,16.1,258.0,11.1,0
50.1,16.1,258.0,8.7,0
50.1,16.1,258.0,20.9,0
50.1,16.1,258.0,8.9,0
50.1,16.1,258.0,19.7,0
50.1,16.1,258.0,18.4,0
50.1,16.1,258.0,24.9,0
50.1,16.1,258.0,27.1,1
50.1,16.1,258.0,27.4,1
50.1,16.1,258.0,25.0,1
50.1,16.1,258.0,21.1,0
50.1,16.1,258.0,30.5,0
50.1,16.1,258.0,14.4,1
50.1,16.1,258.0,11.1,1
50.1,16.1,258.0,13.2,1
50.1,16.1,258.0,19.5,0
50.1,16.1,258.0,16.0,0
50.1,16.1,258.0,8.8,0
50.1,16.1,258.0,2.1,0
50.1,16.6,650.0,-0.7,0
50.1,16.6,650.0,5.4,0
50.1,16.6,650.0,4.9,0
50.1,16.6,650.0,11.6,0
50.1,16.6,650.0,17.9,0
50.1,16.6,650.0,16.9,0
50.1,16.6,650.0,19.8,0
50.1,16.6,650.0,24.8,0
50.1,16.6,650.0,13.1,1
50.1,16.6,650.0,26.1,0
50.1,16.6,650.0,23.4,0
50.1,16.6,650.0,20.1,0
50.1,16.6,650.0,10.0,0
50.1,16.6,650.0,10.6,1
50.1,16.6,650.0,3.5,0
50.1,16.6,650.0,4.2,0
50.1,16.6,650.0,4.3,1
50.1,16.6,650.0,-2.5,0
50.1,16.6,650.0,6.5,0
50.1,16.6,650.0,10.7,0
50.1,16.6,650.0,12.5,0
50.1,16.6,650.0,3.4,0
50.1,16.6,650.0,15.1,0
50.1,16.6,650.0,16.9,1
50.1,16.6,650.0,14.4,0
50.1,16.6,650.0,17.9,0
50.1,16.6,650.0,24.5,1
50.1,16.6,650.0,23.1,1
50.1,16.6,650.0,20.4,0
50.1,16.6,650.0,26.5,0
50.1,16.6,650.0,21.2,1
50.1,16.6,650.0,12.1,1
50.1,16.6,650.0,8.9,1
50.1,16.6,650.0,11.5,1
50.1,16.6,650.0,12.6,1
50.1,16.6,650.0,17.0,0
50.1,16.6,650.0,12.3,0
50.1,16.6,650.0,5.9,0
50.1,16.6,650.0,-1.1,0
50.1,17.1,648.0,1.8,1
50.1,17.1,648.0,-2.4,0
50.1,17.1,648.0,5.9,0
50.1,17.1,648.0,5.7,0
50.1,17.1,648.0,8.2,0
50.1,17.1,648.0,15.4,0
50.1,17.1,648.0,8.2,1
50.1,17.1,648.0,21.4,0
50.1,17.1,648.0,23.4,0
50.1,17.1,648.0,22.5,0
50.1,17.1,648.0,14.0,1
50.1,17.1,648.0,26.7,0
50.1,17.1,648.0,23.4,0
50.1,17.1,648.0,13.1,0
50.1,17.1,648.0,13.9,0
50.1,17.1,648.0,9.1,1
50.1,17.1,648.0,-1.4,0
50.1,17.1,648.0,0.9,0
50.1,17.1,648.0,3.1,1
50.1,17.1,648.0,4.9,1
50.1,17.1,648.0,-3.5,0
50.1,17.1,648.0,9.3,0
50.1,17.1,648.0,6.6,1
50.1,17.1,648.0,5.1,1
50.1,17.1,648.0,6.6,0
50.1,17.1,648.0,10.4,0
50.1,17.1,648.0,14.2,0
50.1,17.1,648.0,15.7,0
50.1,17.1,648.0,19.4,0
50.1,17.1,648.0,25.2,0
50.1,17.1,648.0,25.2,1
50.1,17.1,648.0,19.4,0
50.1,17.1,648.0,25.5,0
50.1,17.1,648.0,21.0,1
50.1,17.1,648.0,13.5,1
50.1,17.1,648.0,9.6,1
50.1,17.1,648.0,12.5,1
50.1,17.1,648.0,16.2,1
50.1,17.1,648.0,10.3,0
50.1,17.1,648.0,11.8,0
50.1,17.1,648.0,3.1,0
50.1,17.1,648.0,-2.7,0
50.1,17.1,648.0,0.5,1
50.1,17.6,478.0,0.3,0
50.1,17.6,478.0,7.6,0
50.1,17.6,478.0,5.2,0
50.1,17.6,478.0,11.9,0
50.1,17.6,478.0,17.5,0
50.1,17.6,478.0,16.8,1
50.1,17.6,478.0,20.9,1
50.1,17.6,478.0,23.6,0
50.1,17.6,478.0,25.0,0
50.1,17.6,478.0,23.7,0
50.1,17.6,478.0,18.2,1
50.1,17.6,478.0,29.1,0
50.1,17.6,478.0,26.6,0
50.1,17.6,478.0,16.0,0
50.1,17.6,478.0,16.8,0
50.1,17.6,478.0,12.2,1
50.1,17.6,478.0,0.3,0
50.1,17.6,478.0,-3.2,1
50.1,17.6,478.0,6.1,1
50.1,17.6,478.0,4.4,0
50.1,17.6,478.0,-0.9,0
50.1,17.6,478.0,12.4,0
50.1,17.6,478.0,6.6,0
50.1,17.6,478.0,19.2,0
50.1,17.6,478.0,9.3,0
50.1,17.6,478.0,22.2,0
50.1,17.6,478.0,19.2,0
50.1,17.6,478.0,20.8,1
50.1,17.6,478.0,31.2,0
50.1,17.6,478.0,22.8,0
50.1,17.6,478.0,28.8,0
50.1,17.6,478.0,14.1,1
50.1,17.6,478.0,10.9,1
50.1,17.6,478.0,14.0,1
50.1,17.6,478.0,17.5,1
50.1,17.6,478.0,18.6,0
50.1,17.6,478.0,14.2,0
50.1,17.6,478.0,7.8,0
50.1,17.6,478.0,-0.4,0
50.1,18.1,235.0,2.2,0
50.1,18.1,235.0,8.8,0
50.1,18.1,235.0,6.5,0
50.1,18.1,235.0,12.8,0
50.1,18.1,235.0,19.1,0
50.1,18.1,235.0,21.4,0
50.1,18.1,235.0,18.6,0
50.1,18.1,235.0,27.2,0
50.1,18.1,235.0,20.0,1
50.1,18.1,235.0,16.7,1
50.1,18.1,235.0,30.5,0
50.1,18.1,235.0,20.6,1
50.1,18.1,235.0,27.9,0
50.1,18.1,235.0,17.6,0
50.1,18.1,235.0,18.2,0
50.1,18.1,235.0,14.0,1
50.1,18.1,235.0,0.9,0
50.1,18.1,235.0,-1.9,1
50.1,18.1,235.0,7.2,0
50.1,18.1,235.0,0.3,0
50.1,18.1,235.0,10.4,0
50.1,18.1,235.0,8.2,0
50.1,18.1,235.0,21.9,0
50.1,18.1,235.0,7.8,0
50.1,18.1,235.0,21.4,0
50.1,18.1,235.0,16.7,0
50.1,18.1,235.0,25.6,0
50.1,18.1,235.0,27.1,0
50.1,18.1,235.0,25.7,0
50.1,18.1,235.0,14.1,1
50.1,18.1,235.0,16.2,1
50.1,18.1,235.0,19.3,1
50.1,18.1,235.0,21.9,0
50.1,18.1,235.0,16.8,0
50.1,18.1,235.0,1.7,0
50.1,18.1,235.0,3.8,0
50.1,18.6,239.0,2.0,0
50.1,18.6,239.0,7.7,0
50.1,18.6,239.0,6.1,0
50.1,18.6,239.0,13.2,0
50.1,18.6,239.0,19.1,0
50.1,18.6,239.0,12.0,1
50.1,18.6,239.0,21.6,0
50.1,18.6,239.0,24.8,0
50.1,18.6,239.0,25.9,1
50.1,18.6,239.0,24.5,0
50.1,18.6,239.0,20.5,1
50.1,18.6,239.0,17.4,1
50.1,18.6,239.0,27.9,0
50.1,18.6,239.0,27.8,0
50.1,18.6,239.0,17.4,0
50.1,18.6,239.0,18.0,0
50.1,18.6,239.0,0.6,0
50.1,18.6,239.0,-1.5,1
50.1,18.6,239.0,5.9,0
50.1,18.6,239.0,0.1,0
50.1,18.6,239.0,11.4,0
50.1,18.6,239.0,8.9,0
50.1,18.6,239.0,22.4,0
50.1,18.6,239.0,8.9,0
50.1,18.6,239.0,21.5,0
50.1,18.6,239.0,15.5,0
50.1,18.6,239.0,25.2,0
50.1,18.6,239.0,26.1,0
50.1,18.6,239.0,25.4,0
50.1,18.6,239.0,14.9,1
50.1,18.6,239.0,16.2,1
50.1,18.6,239.0,18.5,1
50.1,18.6,239.0,22.9,0
50.1,18.6,239.0,16.5,0
50.1,18.6,239.0,1.7,0
50.1,18.6,239.0,4.0,0
50.6,12.1,357.0,-0.2,0
50.6,12.1,357.0,7.7,0
50.6,12.1,357.0,6.8,0
50.6,12.1,357.0,14.1,0
50.6,12.1,357.0,21.1,0
50.6,12.1,357.0,18.0,0
50.6,12.1,357.0,22.9,0
50.6,12.1,357.0,26.9,0
50.6,12.1,357.0,18.0,1
50.6,12.1,357.0,29.6,0
50.6,12.1,357.0,27.0,0
50.6,12.1,357.0,22.9,0
50.6,12.1,357.0,11.6,0
50.6,12.1,357.0,0.7,0
50.6,12.1,357.0,6.1,0
50.6,12.1,357.0,6.1,1
50.6,12.1,357.0,-0.8,0
50.6,12.1,357.0,7.2,0
50.6,12.1,357.0,11.9,0
50.6,12.1,357.0,17.1,0
50.6,12.1,357.0,5.9,0
50.6,12.1,357.0,12.2,1
50.6,12.1,357.0,16.4,0
50.6,12.1,357.0,20.6,1
50.6,12.1,357.0,18.4,1
50.6,12.1,357.0,15.4,0
50.6,12.1,357.0,23.9,1
50.6,12.1,357.0,28.0,0
50.6,12.1,357.0,25.0,1
50.6,12.1,357.0,28.0,1
50.6,12.1,357.0,19.5,0
50.6,12.1,357.0,27.8,0
50.6,12.1,357.0,19.0,1
50.6,12.1,357.0,17.5,0
50.6,12.1,357.0,16.5,0
50.6,12.1,357.0,5.6,0
50.6,12.1,357.0,1.8,0
50.6,12.6,533.0,-0.4,0
50.6,12.6,533.0,6.3,0
50.6,12.6,533.0,6.4,0
50.6,12.6,533.0,13.3,0
50.6,12.6,533.0,20.9,0
50.6,12.6,533.0,17.5,0
50.6,12.6,533.0,19.6,1
50.6,12.6,533.0,24.0,0
50.6,12.6,533.0,20.4,0
50.6,12.6,533.0,29.1,0
50.6,12.6,533.0,26.4,0
50.6,12.6,533.0,23.0,0
50.6,12.6,533.0,11.1,0
50.6,12.6,533.0,0.0,0
50.6,12.6,533.0,6.6,1
50.6,12.6,533.0,8.2,0
50.6,12.6,533.0,4.8,1
50.6,12.6,533.0,-1.4,0
50.6,12.6,533.0,6.3,0
50.6,12.6,533.0,13.4,0
50.6,12.6,533.0,12.3,0
50.6,12.6,533.0,4.4,0
50.6,12.6,533.0,12.1,1
50.6,12.6,533.0,16.1,0
50.6,12.6,533.0,15.9,1
50.6,12.6,533.0,19.0,1
50.6,12.6,533.0,18.1,1
50.6,12.6,533.0,18.5,0
50.6,12.6,533.0,24.3,1
50.6,12.6,533.0,24.5,0
50.6,12.6,533.0,18.6,0
50.6,12.6,533.0,23.0,1
50.6,12.6,533.0,23.5,0
50.6,12.6,533.0,9.0,1
50.6,12.6,533.0,12.2,1
50.6,12.6,533.0,17.0,0
50.6,12.6,533.0,16.8,0
50.6,12.6,533.0,7.7,0
50.6,12.6,533.0,-0.9,0
50.6,13.1,602.0,-1.4,0
50.6,13.1,602.0,5.1,0
50.6,13.1,602.0,3.5,0
50.6,13.1,602.0,10.7,0
50.6,13.1,602.0,17.8,0
50.6,13.1,602.0,15.8,0
50.6,13.1,602.0,19.6,0
50.6,13.1,602.0,23.7,0
50.6,13.1,602.0,18.2,1
50.6,13.1,602.0,26.4,0
50.6,13.1,602.0,22.7,0
50.6,13.1,602.0,21.9,0
50.6,13.1,602.0,9.9,0
50.6,13.1,602.0,-2.0,0
50.6,13.1,602.0,4.8,1
50.6,13.1,602.0,8.9,0
50.6,13.1,602.0,1.0,1
50.6,13.1,602.0,3.1,1
50.6,13.1,602.0,-1.8,0
50.6,13.1,602.0,6.3,0
50.6,13.1,602.0,11.4,0
50.6,13.1,602.0,12.9,0
50.6,13.1,602.0,6.9,0
50.6,13.1,602.0,10.8,1
50.6,13.1,602.0,16.2,0
50.6,13.1,602.0,17.2,1
50.6,13.1,602.0,15.1,0
50.6,13.1,602.0,26.0,0
50.6,13.1,602.0,21.6,0
50.6,13.1,602.0,21.8,1
50.6,13.1,602.0,17.0,1
50.6,13.1,602.0,26.1,0
50.6,13.1,602.0,6.4,1
50.6,13.1,602.0,9.7,1
50.6,13.1,602.0,12.0,1
50.6,13.1,602.0,16.2,0
50.6,13.1,602.0,16.4,0
50.6,13.1,602.0,6.6,0
50.6,13.1,602.0,-2.4,0
